Event_Window,abs_CAR,90%,95%,99%
"[-20,0)",17.19837238925222,11.149692390511145,11.409795359207681,11.900726359508901
"[-10,0)",12.088551134882668,9.311391500906755,9.509697406436985,9.892043010329148
"[-5,0)",9.062843054238709,8.288378154454644,8.452168438629936,8.768928577278054
"[-2,0)",6.426045607277984,6.523886106981117,6.641209075655621,6.865138614501152
"[-2,3)",10.356334354005693,10.31897529249,10.507609590946453,10.863313295695901
"[0,2)",7.024767844356723,7.7276785177399585,7.864231990807245,8.13482034023531
"[0,5)",11.724490186258953,12.213843206840867,12.432668454022291,12.86466992798316
