Event_Window,abs_CAR,90%,95%,99%
"[-20,0)",10.61521645935394,7.952835455854527,8.211863746983086,8.73298356144933
"[-10,0)",7.877530776638674,6.913943306420146,7.114440414732331,7.500323523544856
"[-5,0)",5.993431594215474,6.152007641694178,6.307285382367205,6.602603144097259
"[-2,0)",4.60029154862074,4.6102289416171685,4.713941765452805,4.91773440007515
"[-2,3)",7.475157797258624,7.290419456645958,7.452441865394774,7.76820800641346
"[0,2)",5.116951205443687,5.133011827314199,5.240386164558942,5.447627625860221
"[0,5)",8.172011774042833,8.121100941689019,8.290683885248407,8.612746049675977
