Event_Window,Mean_CAR,Var(MCAR),z-stat,p-value
"[-20,0)",-0.01032656312729374,3.3725405429793565e-05,-1.778186114671759,0.075373292680700713
"[-10,0)",-0.0018629677565002761,1.4170810474829783e-05,-0.49488921965905536,0.62067832076283613
"[-5,0)",-0.00647603561910338,6.521430742203018e-06,-2.535933060548583,0.011214816897214533
"[-2,0)",-0.00026683330484083255,2.222035202286485e-06,-0.17900475507199742,0.85793396799400723
"[-2,3)",-0.0005972145536869422,5.555088005716218e-06,-0.253387339074415,0.79996891044954233
"[0,2)",0.0009480493972265339,2.195479251692967e-06,0.639832502577989,0.52228149940451529
"[0,5)",-0.0011789010452458743,5.4886981292324165e-06,-0.5032023722436073,0.61482199712558794
