Event_Window,sq_CAR,90%,95%,99%
"[-20,0)",1.9744507103062243,1.75095559657918,2.0101628787808474,2.622308101233537
"[-10,0)",0.8799109449266915,0.9840427207153173,1.1146581118721701,1.4242682710201109
"[-5,0)",0.5022294728902421,0.5750536890361614,0.6377799247575889,0.7915345358356938
"[-2,0)",0.3633046229397568,0.2558514075333475,0.2817307349056533,0.3430584459225129
"[-2,3)",0.8397124971055867,0.6395647990262144,0.7035042996635776,0.8591885279422938
"[0,2)",0.49399945244124993,0.2736967015393329,0.29871120277627616,0.35938004445476174
"[0,5)",0.8995469306773285,0.6833596897345601,0.7478700013942594,0.9008247043088266
