Event_Window,sq_CAR,90%,95%,99%
"[-20,0)",1.9744507103062243,1.7530437509491372,2.0074371078367133,2.6080675614890416
"[-10,0)",0.8799109449266915,0.983672278805077,1.1075204953905031,1.406683471982965
"[-5,0)",0.5022294728902421,0.575872168240038,0.6390418518294835,0.79127267026427
"[-2,0)",0.3633046229397568,0.25573697150916724,0.2804771296941203,0.3408101754316784
"[-2,3)",0.8397124971055867,0.6391692320597799,0.7048602116975545,0.8589527560147314
"[0,2)",0.49399945244124993,0.2739312823826005,0.29957296498576663,0.35918978017469233
"[0,5)",0.8995469306773285,0.6854334270535607,0.7503645651777706,0.904220996221425
