Event_Window,abs_CAR,90%,95%,99%
"[-20,0)",33.778707655297694,23.6971858172454,24.091504673272304,24.85290278259555
"[-10,0)",24.07803208375246,19.610381628221823,19.907208326573855,20.47473202199752
"[-5,0)",16.502519033459258,15.657152808400067,15.884926451399759,16.31822102789009
"[-2,0)",11.080123408809714,11.342109424623724,11.499606064369742,11.80038343870735
"[-2,3)",17.44002711074041,17.93631890760965,18.182381140987975,18.65053889864014
"[0,2)",11.802078558701027,12.58087121213294,12.752043817841425,13.085015981582512
"[0,5)",19.827361897789704,19.890000369918578,20.161397876389447,20.671940222160963
