Event_Window,sq_CAR,90%,95%,99%
"[-20,0)",7.4899480979493775,3.714273901099137,4.001854265189891,4.654239579039014
"[-10,0)",2.7973322283548336,2.089070003680785,2.2341787218201166,2.5664487302131813
"[-5,0)",1.3694584494507653,1.204957337034811,1.2840550411312026,1.4588352377646732
"[-2,0)",0.7633600150598887,0.5694152877072891,0.6045170209231073,0.6804936998562255
"[-2,3)",1.5146228857590798,1.4254471465132237,1.514335709126369,1.7095763008028313
"[0,2)",0.7679967346593328,0.6924365837472202,0.7503065230243925,0.8853201428902061
"[0,5)",1.7454374967998094,1.7330167363830287,1.8719565792020456,2.1957975245875065
