Event_Window,abs_CAR,90%,95%,99%
"[-20,0)",11.740111258957981,7.712563115074424,7.975381663466047,8.472002118250726
"[-10,0)",8.312564639869064,6.723698809284097,6.920836192659065,7.293670576950971
"[-5,0)",6.528382622836846,5.978099620998755,6.126082058496572,6.40929556342942
"[-2,0)",4.671438885181703,4.475523072059407,4.575533801118174,4.774643034398848
"[-2,3)",8.099066157634509,7.0790221090937315,7.234671010874129,7.545867786487257
"[0,2)",5.607665782021718,4.975624535877337,5.081341453992648,5.285394459067695
"[0,5)",8.731146659146493,7.867208343896662,8.032835457904877,8.34613125748668
