Event_Window,abs_CAR,90%,95%,99%
"[-20,0)",17.298133767908496,10.78010320755574,11.03314857640707,11.528439699447619
"[-10,0)",12.024424276117276,9.026170807235406,9.21708697639237,9.584911539932234
"[-5,0)",9.481418209439,8.026429567097846,8.18333206607986,8.48291374760354
"[-2,0)",6.495048296578794,6.32412006209208,6.439082687174564,6.6544576186030895
"[-2,3)",10.74588794257205,9.994747916369954,10.177473722638899,10.520121841439815
"[0,2)",7.514888717533214,7.480093172304204,7.616317297702684,7.869553162829456
"[0,5)",12.479163359842925,11.828243400465256,12.037192909366006,12.44027893388279
