Event_Window,Mean_CAR,Var(MCAR),z-stat,p-value
"[-20,0)",-0.013637520768532582,3.1363849103258494e-05,-2.4351221278482145,0.014886764246722478
"[-10,0)",-0.0027739594312101846,1.3283145486781473e-05,-0.7611138775426082,0.44658905223310741
"[-5,0)",-0.008098541330172395,6.127253634082051e-06,-3.2717030124634476,0.0010690180747063311
"[-2,0)",-0.0008705175152284079,2.097905228448306e-06,-0.6010139896651991,0.5478306685351011
"[-2,3)",-0.0024540347724932255,5.2447630711207595e-06,-1.071563162209958,0.28391628672208091
"[0,2)",0.0004910982361865647,2.058420163444642e-06,0.3422956347215326,0.73212842037613313
"[0,5)",-0.00321418630279272,5.146050408611601e-06,-1.4168831252731855,0.15651710094274809
