Event_Window,sq_CAR,90%,95%,99%
"[-20,0)",3.5695007427516665,1.6520418224655422,1.8868331257382518,2.4250109078369064
"[-10,0)",1.3136767386477066,0.9365450428763781,1.0543110957185176,1.3221820049837396
"[-5,0)",0.7263673347319893,0.5464800922615018,0.6035388054346132,0.7388324914375921
"[-2,0)",0.36459435884493624,0.24255592814508797,0.26662473579258555,0.32334796117326303
"[-2,3)",0.9047892022744067,0.6073176219633959,0.6666681115005231,0.8009982530849007
"[0,2)",0.5592503032729891,0.2589015767232818,0.2824332378138303,0.3387419771263638
"[0,5)",0.9571177805249977,0.6479431309033208,0.7062635594698343,0.8415104922615979
