Event_Window,sq_CAR,90%,95%,99%
"[-20,0)",4.757478998656068,1.485969028916707,1.5988951584691773,1.8515925256017163
"[-10,0)",1.4834950446356627,0.8589978345326602,0.9191139454235707,1.0475469323841344
"[-5,0)",0.9186656678563833,0.5880566929195724,0.6368961501594621,0.7504355015240453
"[-2,0)",0.5153709749292638,0.3060896677191833,0.3317293333331911,0.38988996285579824
"[-2,3)",0.9861367901095489,0.7659003052620652,0.8300903558287747,0.9766193347264026
"[0,2)",0.3909953962730409,0.4245584293612157,0.4754622736461154,0.6002732119254771
"[0,5)",1.025913906293657,1.0626372392545682,1.1891799786495538,1.495765265869901
