Event_Window,sq_CAR,90%,95%,99%
"[-20,0)",3.5695007427516665,1.6507202911820045,1.8908052058771307,2.4505147422932017
"[-10,0)",1.3136767386477066,0.936994155006111,1.0522122102319804,1.3226652330652635
"[-5,0)",0.7263673347319893,0.5463690988243167,0.6051845454828213,0.7429118918205344
"[-2,0)",0.36459435884493624,0.24207180449086396,0.265814458993945,0.31998867403207687
"[-2,3)",0.9047892022744067,0.606529280308729,0.6639566644162231,0.8011596583288835
"[0,2)",0.5592503032729891,0.25925038187798105,0.2835146332668573,0.3396936758438149
"[0,5)",0.9571177805249977,0.6482079962019329,0.7063726482558872,0.8426440593088655
