Event_Window,abs_CAR,90%,95%,99%
"[-20,0)",34.50788034912607,22.851296906533232,23.23331143187767,23.987595557081775
"[-10,0)",24.26615898753411,18.886980080445557,19.178995321591742,19.716566594987004
"[-5,0)",17.03117816090092,15.076224972437474,15.298291814819832,15.705659242234763
"[-2,0)",11.435226150872639,10.945240092956817,11.098046016438216,11.387094009507088
"[-2,3)",17.925509149844448,17.303115483601132,17.544849879878775,18.013624464999605
"[0,2)",12.569079122532932,12.13355197318415,12.301259747674573,12.616575485658721
"[0,5)",20.97783587365791,19.182495574580916,19.439144503670896,19.944150731576006
