Event_Window,sq_CAR,90%,95%,99%
"[-20,0)",8.773359201360396,3.4744250855898136,3.75128199919711,4.342821278651117
"[-10,0)",3.0409225143419008,1.9544045344055436,2.09084911383512,2.3972058254637942
"[-5,0)",1.5665241454489116,1.1274480578291455,1.2022125374213763,1.3643400033567838
"[-2,0)",0.7937693572830485,0.5381943387879387,0.5732860748825207,0.646890828450742
"[-2,3)",1.5678903934695456,1.3447755361171148,1.4303901701736594,1.6172629053706558
"[0,2)",0.8590652101263206,0.648499809670094,0.7005935657815702,0.8201008175276226
"[0,5)",1.9909707301164994,1.6224461324529011,1.7518158188416297,2.0526162220278663
