Event_Window,abs_CAR,90%,95%,99%
"[-20,0)",6.8947028061929245,5.4783416021428035,5.677432688413834,6.0498117492179
"[-10,0)",4.9034867398952695,4.138100328244158,4.276069612512352,4.549651961963409
"[-5,0)",3.52029187392099,3.270974251078571,3.383035028079974,3.609742823752852
"[-2,0)",2.529226843614323,2.388283718745414,2.4698596220429745,2.6260237296664695
"[-2,3)",3.4916757424734572,3.774261317404378,3.905783910984816,4.155156791356374
"[0,2)",2.132736316246901,2.466697265462227,2.548918775048194,2.7067839983511264
"[0,5)",3.811812838801803,3.900550872524279,4.029382253260597,4.280899989679209
