Event_Window,abs_CAR,90%,95%,99%
"[-20,0)",16.174921583065704,11.659556002120853,11.9504598143666,12.534973998581751
"[-10,0)",11.43713831686252,9.568960688709431,9.790776945037928,10.222923737254407
"[-5,0)",6.88546694792309,6.819056134243392,6.9767138394111194,7.271749809271082
"[-2,0)",4.537253636550853,4.492377680908366,4.595155962153374,4.79442868433657
"[-2,3)",6.550112566105401,7.106339159184402,7.26913694044603,7.570958637067787
"[0,2)",4.770540094090606,4.531403373814734,4.633311708200172,4.831617459496761
"[0,5)",7.948374157722741,7.169074583064551,7.329964599778826,7.6455175165664695
