Event_Window,Mean_CAR,Var(MCAR),z-stat,p-value
"[-20,0)",0.006023924732184371,7.041497035033118e-05,0.7178720364530881,0.47283619129674592
"[-10,0)",0.0030168686120048724,3.1397767267003476e-05,0.5384024327879453,0.59029924719352556
"[-5,0)",0.0005384635351996079,1.7281704235267008e-05,0.1295278074170028,0.89694002314681609
"[-2,0)",-0.0010729942003276354,7.112211663428114e-06,-0.4023416920872918,0.68743257532225499
"[-2,3)",-0.002054029469268565,1.778052915857028e-05,-0.48711816979492045,0.62617459085183746
"[0,2)",0.0009810737969694087,7.035980932480071e-06,0.36986168986058815,0.71148554745548842
"[0,5)",7.122997689610149e-05,1.7589952331200173e-05,0.016983628136966047,0.98644967674362172
