Event_Window,sq_CAR,90%,95%,99%
"[-20,0)",3.9053523087927045,2.1206112334399854,2.3914906926873063,2.9839246291955543
"[-10,0)",1.4983751568358707,1.164777669757161,1.2964661507550839,1.6091208894458289
"[-5,0)",0.6012271398422777,0.5850097060191449,0.6510117219441814,0.7991349855078229
"[-2,0)",0.2598731117788189,0.2549634026963991,0.2824795720369434,0.3453076700201988
"[-2,3)",0.5404690715015259,0.6382700270555427,0.7078952049202293,0.8629725079133551
"[0,2)",0.4598285122336709,0.25658521469361156,0.28423328394238245,0.3458574319746676
"[0,5)",0.9346564685354033,0.6421434392395542,0.7115283080587026,0.8702774236365568
