Event_Window,sq_CAR,90%,95%,99%
"[-20,0)",1.0196231089485013,0.956231206783111,1.1453563991260634,1.6118088459037607
"[-10,0)",0.5348991525148933,0.49436820937089915,0.5882193058146965,0.8229523718484371
"[-5,0)",0.3036008911712158,0.32512911294023555,0.38349663935667216,0.5196630079186634
"[-2,0)",0.232051060502112,0.16763366278759306,0.19482444666690688,0.2556287411176414
"[-2,3)",0.31786888411097897,0.4205631805884001,0.4904060964930523,0.6446410715092217
"[0,2)",0.10075828672435469,0.17186540933635308,0.19920535687684543,0.2627688797127712
"[0,5)",0.32273243259799667,0.4321485141241082,0.502729252916883,0.6537043409870005
