Event_Window,abs_CAR,90%,95%,99%
"[-20,0)",11.64562737287293,11.955165434186206,12.236515720097987,12.749592697699365
"[-10,0)",10.215979243589155,9.951102862515109,10.157414330121071,10.550853148648283
"[-5,0)",7.996336196859082,8.75065321539995,8.920738635099195,9.248824318446484
"[-2,0)",6.1540658180809995,6.864059271124147,6.986910544977081,7.2261467070485
"[-2,3)",9.606728125198327,10.853043369549718,11.04667121270574,11.43601759730044
"[0,2)",6.286197520701109,7.79072766945032,7.922009517214249,8.170020831350332
"[0,5)",10.493855286135714,12.322318820292102,12.530963385769779,12.923216460483106
