Event_Window,sq_CAR,90%,95%,99%
"[-20,0)",2.6093050838107987,1.6864517483650863,1.8011550601782726,2.0510335158310005
"[-10,0)",1.051772505690091,0.9739698715211536,1.0347241420288422,1.1656368885425157
"[-5,0)",0.7318041141611552,0.6624285536078192,0.7128705660047884,0.832134152372782
"[-2,0)",0.5364098497045385,0.36680719038063136,0.402634175365234,0.48951950862625637
"[-2,3)",0.9638869404105554,0.9159236797951747,1.0066871636053383,1.2265642640476468
"[0,2)",0.333799343329074,0.39421597205813574,0.43065497511582357,0.5165927740441034
"[0,5)",0.7556049226811875,0.9872036024032032,1.0755261794840822,1.2953948609338986
