Event_Window,abs_CAR,90%,95%,99%
"[-20,0)",12.585839549777619,13.338491615712428,13.705555522577024,14.40736416799848
"[-10,0)",9.022606666224737,10.718678907191903,10.981275755619661,11.494863739302424
"[-5,0)",5.8039303333333745,7.619135215209825,7.803247617853213,8.160453286404518
"[-2,0)",3.866086980775693,4.957046449913305,5.073290679948081,5.308355957630824
"[-2,3)",6.429154649026783,7.838742931773133,8.027455388494603,8.386710879721447
"[0,2)",4.070065190462691,5.005287467523284,5.122871461661535,5.357215397150129
"[0,5)",6.7323205085492885,7.911200014426996,8.099072983251796,8.473799699223989
