Event_Window,sq_CAR,90%,95%,99%
"[-20,0)",1.8354369612537542,3.3709891303963273,4.2186140483305685,6.328561186396169
"[-10,0)",1.0011602165010094,1.78983259170764,2.2128594231035956,3.2540751822587213
"[-5,0)",0.3521492382369561,0.8953503132748678,1.1071972001270711,1.6318155461796253
"[-2,0)",0.17109237576904757,0.367280920662341,0.4513731285113947,0.6678719496904344
"[-2,3)",0.6178889481619823,0.9174202281165142,1.1317136239280519,1.6489080528038302
"[0,2)",0.3603445115057423,0.36901400334981216,0.4544033985445751,0.6604733139627442
"[0,5)",0.8046143638056132,0.9210250231037806,1.1359159519886617,1.6518751227440012
