Event_Window,abs_CAR,90%,95%,99%
"[-20,0)",15.58075801827131,12.167252268284058,12.47527639484356,13.06744681850182
"[-10,0)",11.201879687319245,10.010529126328084,10.241388056671566,10.680559547624327
"[-5,0)",6.779829831404573,7.130629989586586,7.2906824745508745,7.59917598847032
"[-2,0)",4.2762677688948765,4.685018481774145,4.7910789709618316,4.995958557821752
"[-2,3)",6.532547269333548,7.40720099550002,7.577732101030037,7.904184797151961
"[0,2)",4.503311951988484,4.725989665103958,4.833209387187016,5.041593295575171
"[0,5)",7.650795620692637,7.474428485787545,7.645562975620136,7.963333038051018
