Event_Window,abs_CAR,90%,95%,99%
"[-20,0)",7.01446542690909,5.7392133209740726,5.940608801472138,6.344406458421929
"[-10,0)",4.868119474720866,4.326618047966503,4.47249637075523,4.763550220978597
"[-5,0)",3.2816481668819835,3.407455324803139,3.527854620021212,3.760360641380473
"[-2,0)",2.164725730301739,2.4880821978166288,2.5719910675700786,2.729026958833813
"[-2,3)",3.483081426854373,3.932490062463788,4.064069227655767,4.32533852235119
"[0,2)",1.9785198148280365,2.567197575862886,2.651528107458753,2.815865810956465
"[0,5)",3.4707740317861986,4.0557231120817505,4.1889619240334115,4.452823909575513
