Event_Window,Mean_CAR,Var(MCAR),z-stat,p-value
"[-20,0)",0.021019284557649794,4.265000347903719e-05,3.21853617078906,0.0012884671902582421
"[-10,0)",0.010671723352880084,1.7990904172392684e-05,2.515985090435427,0.011870020410865828
"[-5,0)",0.0027141193913724705,8.793102357994116e-06,0.9152882424728431,0.36004032987122703
"[-2,0)",0.0009415385481053551,3.5731024869582772e-06,0.498098654777573,0.61841450867859571
"[-2,3)",-0.0001955733178861859,8.932756217395693e-06,-0.06543601791790367,0.94782684736776635
"[0,2)",-0.0029281401886754508,3.4730237841093464e-06,-1.5712235744095864,0.11613072605246914
"[0,5)",0.0016808054314315338,8.682559460273365e-06,0.5704184441426057,0.56839392277939793
