Event_Window,sq_CAR,90%,95%,99%
"[-20,0)",2.640138283961023,2.2654649297986333,2.5485974749942635,3.208198509178373
"[-10,0)",1.253050361590711,1.2559716605526154,1.3981249781237253,1.7166989580556398
"[-5,0)",0.47311553175018045,0.6279252364879054,0.6986387557136206,0.8593727858679289
"[-2,0)",0.2220953861445762,0.2712948245100309,0.3013736318957282,0.36885581075423085
"[-2,3)",0.5735753315606505,0.6785431964533327,0.7519230782797012,0.9078694074670901
"[0,2)",0.4067716977721659,0.27279723425270247,0.30206615819514765,0.3680708660093723
"[0,5)",0.9521680496194064,0.681968970975298,0.7561371200985715,0.9263827391725299
