Event_Window,sq_CAR,90%,95%,99%
"[-20,0)",1.0719424883071016,1.0260518265745153,1.2165367508434757,1.6902869175980242
"[-10,0)",0.5483826269333205,0.5275864480009286,0.6229113556444994,0.8673170181160625
"[-5,0)",0.3057513712768924,0.34655702934846966,0.4060071734272981,0.5403681816977269
"[-2,0)",0.1858282881502305,0.17669854350793046,0.20472776519723582,0.2691412851846372
"[-2,3)",0.3197224987732733,0.4438676614674626,0.5148961325684724,0.6766112302852763
"[0,2)",0.08235347487025962,0.18135965025552292,0.21004568901270265,0.2742197932339779
"[0,5)",0.22037577716556203,0.45266782904756886,0.5235111862359877,0.6768940228470265
