Event_Window,sq_CAR,90%,95%,99%
"[-20,0)",1.0719424883071016,1.025867842387623,1.2132076596698451,1.688477776376734
"[-10,0)",0.5483826269333205,0.5256556122198747,0.6192236556813419,0.8528431672672979
"[-5,0)",0.3057513712768924,0.34611921741371376,0.4052396628376554,0.5423599639873449
"[-2,0)",0.1858282881502305,0.176959867111821,0.20475026070977073,0.26743725727503476
"[-2,3)",0.3197224987732733,0.44295507291950764,0.5116296086698682,0.6661620357527874
"[0,2)",0.08235347487025962,0.1814445079866392,0.2099935035234284,0.2748999578935388
"[0,5)",0.22037577716556203,0.4533163555030461,0.5241358459452836,0.6832156481193081
